{"cameraMode":{"drawMode":0,"name":"Shaded","section":"Shading Mode"},"sceneLighting":true,"audioPlay":false,"sceneViewState":{"showFog":true,"showMaterialUpdate":false,"showSkybox":true,"showFlares":true,"showImageEffects":true,"showParticleSystems":true},"in2DMode":false,"pivot":{"x":5.500051498413086,"y":11.048965454101563,"z":-7.085823059082031},"rotation":{"x":-0.2494106888771057,"y":-0.19395427405834199,"z":0.05103292316198349,"w":-0.9474435448646545},"size":102.05838775634766,"orthographic":false}