{"cameraMode":{"drawMode":0,"name":"Shaded","section":"Shading Mode"},"sceneLighting":true,"audioPlay":false,"sceneViewState":{"showFog":true,"showMaterialUpdate":false,"showSkybox":true,"showFlares":true,"showImageEffects":true,"showParticleSystems":true},"in2DMode":false,"pivot":{"x":-20.777507781982423,"y":8.347030639648438,"z":-40.15705490112305},"rotation":{"x":0.31953826546669009,"y":0.4808325469493866,"z":-0.19348196685314179,"w":0.7933346033096314},"size":99.14827728271485,"orthographic":false}