{"cameraMode":{"drawMode":0,"name":"Shaded","section":"Shading Mode"},"sceneLighting":true,"audioPlay":false,"sceneViewState":{"showFog":true,"showMaterialUpdate":false,"showSkybox":true,"showFlares":true,"showImageEffects":true,"showParticleSystems":true},"in2DMode":false,"pivot":{"x":42.09223937988281,"y":-2.3841114044189455,"z":5.805661678314209},"rotation":{"x":-0.2505728304386139,"y":0.5932740569114685,"z":-0.20143041014671327,"w":-0.7380205392837524},"size":34.03873062133789,"orthographic":false}