{"cameraMode":{"drawMode":0,"name":"Shaded","section":"Shading Mode"},"sceneLighting":true,"audioPlay":false,"sceneViewState":{"showFog":true,"showMaterialUpdate":false,"showSkybox":true,"showFlares":true,"showImageEffects":true,"showParticleSystems":true},"in2DMode":false,"pivot":{"x":2.553574562072754,"y":15.021968841552735,"z":2.243040084838867},"rotation":{"x":-0.21550248563289643,"y":0.1014246866106987,"z":-0.022539222612977029,"w":-0.9710026979446411},"size":20.78217887878418,"orthographic":false}