{"cameraMode":{"drawMode":0,"name":"Shaded","section":"Shading Mode"},"sceneLighting":true,"audioPlay":false,"sceneViewState":{"showFog":true,"showMaterialUpdate":false,"showSkybox":true,"showFlares":true,"showImageEffects":true,"showParticleSystems":true},"in2DMode":false,"pivot":{"x":-21.002513885498048,"y":12.880380630493164,"z":-0.9000697135925293},"rotation":{"x":0.1907873898744583,"y":0.3639107644557953,"z":-0.07642422616481781,"w":0.908475935459137},"size":7.364266395568848,"orthographic":false}